Box,Box Type,Picked,Shipped,LPN,Brand,Additional Info,Other Info,Product Description,Destination,Verification Request,State (Amz),Reason (Amz),Customer Notes,ASIN,SKU,FNSKU,Notes;;;;
267,Standard,30/07/2024,,LPNHL961165693,Singer,,,""Singer, Weiss, 1 Nähmaschine, Acrylic, 1"",To be checked,,DEFECTIVE,QUALITY_UNACCEPTABLE,Plastikhebel wackelt beim bedienen,B006GAU4TU,PR-MKDL-GD46,X001IC31FX,";;;;
7,Temporary,30/07/2024,,LPNHK109814061,Dinobike,,,Dino Bikes Jungen Kinderfahrrad grün 412U Jungenfahrrad - 12 Zoll | TÜV geprüft | Original | Kinderrad mit Stützrädern - Das Fahrrad als Geschenk für Jungen,To be checked,,CUSTOMER_DAMAGED,NO_REASON_GIVEN,,B01MDS5VHF,O3-WD58-FKQ3,X001YFWEFH,;;;;
7,Temporary,30/07/2024,,LPNHK109822608,Dinobike,,,Dino Bikes Jungen Kinderfahrrad grün 412U Jungenfahrrad - 12 Zoll | TÜV geprüft | Original | Kinderrad mit Stützrädern - Das Fahrrad als Geschenk für Jungen,To be checked,,CUSTOMER_DAMAGED,NOT_AS_DESCRIBED,,B01MDS5VHF,O3-WD58-FKQ3,X001YFWEFH,;;;;
7,Temporary,30/07/2024,,LPNHK105748184,Dinobike,,,""Dino Bikes 144R-UN, Einhorn, Fahrrad, Weiß/Rosa"",To be checked,,CUSTOMER_DAMAGED,SWITCHEROO,,B07NFM32LG,1R-HX0M-GWPP,X001XUTZY1,";;;;
7,Temporary,30/07/2024,,LPNHL961870212,Xiaomi,,,""Xiaomi Mi Robot Vacuum-Mop 2 Pro Ultra Auto-empty station Absaugstation mit Ladefunktion (16500Pa Saugkraft, Entleerung in 10 Sekunden, einfache Bedienung, Staubbehälterkapazität 4 Liter) Schwarz"",To be checked,,CUSTOMER_DAMAGED,ORDERED_WRONG_ITEM,,B09R9YNY9S,YY-LK5J-5PK8-stickerless,B09R9YNY9S,";;;;
7,Temporary,30/07/2024,,LPNHK211646297,Dinobike,,,""Dino Bikes 144R-UN, Einhorn, Fahrrad, Weiß/Rosa"",To be checked,,DEFECTIVE,DAMAGED_BY_CARRIER,""Finde ich sehr schade das es zakratzt und fehlende teile  , den das war das geschenk für meine Tochter zum Geburtstag."",B07NFM32LG,1R-HX0M-GWPP,X001XUTZY1,";;;;
255,Temporary,02/08/2024,,LPNHL960697033,Singer,,,""SINGER Heavy Duty 4411 - Machine à Coudre Électrique, en Acier inoxydable, Gris"",Used inventory,,DEFECTIVE,NOT_COMPATIBLE,Bonjour j ai pris cet article  qui me paraissait adapté à mon besoin . Il se trouve qu on ne peut contrôler la vitesse afin de faire des travaux précis.,B003VWXZKG,JO-324L-2WH3,X001NNHOFZ,";;;;
255,Temporary,02/08/2024,,LPNIC076096128,Singer,,,""Singer 1306, Plástico, Blanco"",Used inventory,,DEFECTIVE,QUALITY_UNACCEPTABLE,Venía doblada la aguja,B00SWI4J18,OB-ONF3-O7WR,X001LQGAX1,";;;;
256,Temporary,02/08/2024,,LPNA030962111,Singer,,,""Singer SWP Steamworks PRO Sistema Stiro Verticale, Grigio/Bianco"",Used inventory,,CUSTOMER_DAMAGED,QUALITY_UNACCEPTABLE,,B0094BL276,67-5CBB-LPM2,X001SGUSHX,";;;;
259,Standard,07/08/2024,09/08/2024,LPNHK110395702,Dinobike,,,""Dino Bikes MTB 143GLN 14 Pouce KIDSBIKE Boy vélo, Bicyclette, Enfant-Velo, bécane, vélocipède, Rouler en vélo, Faire du vélo..Rouge..stabilisateurs..gardeboue.. 14pouce 3-6 Ans 100-120cm"",Used inventory,,CUSTOMER_DAMAGED,DEFECTIVE,,B0016GK1VU,K5-FFJA-T0E6,X001YFILA9,";;;;
262,Standard,09/08/2024,09/08/2024,LPNIC117973681,Colpharma,,,""COLPHARMA - Dispositivo de magnetoterapia MAGNETOCARE, alta intensidad, alta y baja frecuencia, 2 canales, 20 programas de intensidad regulable"",New inventory,,CUSTOMER_DAMAGED,PRODUCT_NOT_SPANISH,,B07LG4QT24,J9-VZOT-2OD0,X001TDI7EL,";;;;
262,Standard,09/08/2024,09/08/2024,LPNIC117175430,Colpharma,,,""COLPHARMA - Dispositivo de magnetoterapia MAGNETOCARE, alta intensidad, alta y baja frecuencia, 2 canales, 20 programas de intensidad regulable"",New inventory,,DEFECTIVE,QUALITY_UNACCEPTABLE,""No percibo ningún efecto, no tiene indicador de batería y el aparato se apaga de manera inesperada"",B07LG4QT24,J9-VZOT-2OD0,X001TDI7EL,";;;;
262,Standard,09/08/2024,09/08/2024,LPNIC116618250,Colpharma,,,""COLPHARMA - Dispositivo de magnetoterapia MAGNETOCARE, alta intensidad, alta y baja frecuencia, 2 canales, 20 programas de intensidad regulable"",New inventory,,CUSTOMER_DAMAGED,PRODUCT_NOT_SPANISH,,B07LG4QT24,J9-VZOT-2OD0,X001TDI7EL,";;;;
262,Standard,09/08/2024,09/08/2024,LPNIC117281685,Smono,,,Vaporizador Smono 3.4 Vaporizer - Nueva versión con boquilla de cristal - Sin nicotina,New inventory,,CUSTOMER_DAMAGED,DEFECTIVE,,B07YBD3QB8,KQ-BITS-E6NQ,X001WBB4F9,;;;;
262,Standard,09/08/2024,09/08/2024,LPNIC118018017,Dune,,,""Dune HD Homatics Box R 4K Plus Android TV 11 | Reproductor Multimedia | Chromecast |Netflix in 4K Dolby Vision & Atmos | 4/32GB, AV1, Wi-Fi 6, 1Gbit, ISO 4K DV P7 FEL MKV AFR | HDR10+ | DTS"",New inventory,,CUSTOMER_DAMAGED,QUALITY_UNACCEPTABLE,,B0BV7FS48D,YE-JY05-CH60,X001X79K8Z,";;;;
262,Standard,09/08/2024,09/08/2024,LPNIC117738001,Arizer,,,Arizer Solo 2,New inventory,,DEFECTIVE,DEFECTIVE,No sale nada de vapor,B071GRQBQR,PU-M1M4-GA85,X001W891UH,;;;;
262,Standard,09/08/2024,09/08/2024,LPNIC116436199,Arizer,,,Arizer Solo 2,New inventory,,DEFECTIVE,DEFECTIVE,Sin fumar,B071GRQBQR,PU-M1M4-GA85,X001W891UH,;;;;
262,Standard,09/08/2024,09/08/2024,LPNHE837388648,Roten,,,RO+TEN - Tutore a cuscino per spalla con abduzione fissa a 10° TOP-S 10° - S,New inventory,,CUSTOMER_DAMAGED,UNWANTED_ITEM,,B0100Y2E36,AI-Z4WW-IM6Q,X001JOHX6X,;;;;
262,Standard,09/08/2024,09/08/2024,LPNHE830370296,Epos,,,""Sennheiser Gsp 500 Oyuncu Kulaklıkları, Siyah / Kırmızı"",New inventory,,DEFECTIVE,DEFECTIVE,,B079D7HJ13,4044155224320,X001QKSYY5,";;;;
262,Standard,09/08/2024,09/08/2024,LPNHE831876129,Tielle,,,""TIELLE CAMP - Molla di codivilla - Modello NA 400 Tutore Resistente in Polietilene - Large, Sinistra"",New inventory,,DEFECTIVE,DEFECTIVE,Non regge all&#39";ingresso della scarpa.,B0100Z09B4,W8-GB3X-B3GW,X001WOX1Y3,;;;
262,Standard,09/08/2024,09/08/2024,LPNHE831468033,Tielle,,,""TIELLE CAMP - Molla di codivilla Modello NA 400 Tutore Resistente in Polietilene - Large, Destra"",New inventory,,DEFECTIVE,NOT_COMPATIBLE,Ho provato la molla di codivilla e indossandola mi fa male nella caviglia,B0100Z06BM,R1-NIJ1-NQAR,X001WOX16B,";;;;
262,Standard,09/08/2024,09/08/2024,LPNHE833046581,Roten,,,Ro+Ten EPI20 (Taglia M) - Cinturino epicondilite con pressore fascia gomito rigida per tendinite,New inventory,,CUSTOMER_DAMAGED,ORDERED_WRONG_ITEM,,B095KDR2J6,23-9W2X-7VMZ,X001OBIR43,;;;;
262,Standard,09/08/2024,09/08/2024,LPNHE833072708,Medi,,,FGP - M. STEP® - Tutore bivalve per caviglia (mod. Standard),New inventory,,CUSTOMER_DAMAGED,UNWANTED_ITEM,,B0100Y8AMA,B0100Y8AMA,X001WPI9KX,;;;;
262,Standard,09/08/2024,09/08/2024,LPNHE827990692,Blaupunkt,,,BLAUPUNKT Milano 200 BT - Bluetooth 1-DIN Radio MIT CD mit USB | Autoradio,New inventory,,DEFECTIVE,DEFECTIVE,,B08S7MYYL7,1W-NUPR-BRCJ,X001YY5991,;;;;
262,Standard,09/08/2024,09/08/2024,LPNHE414096364,Singer,,,""Singer 2250 Tradition - Máquina de Coser mecánica, 10 Puntadas, 43 x 22 x 35.2 cm, 6 Kg, Blanco"",New inventory,,DEFECTIVE,DEFECTIVE,No cose bien algo le pasa .,B001CBZB5K,3L-T8Y8-IJXL,X001LPXS87,";;;;
262,Standard,09/08/2024,09/08/2024,N.A.,Singer,,,SINGER Handheld Steamer 1500 watts,New inventory,,-,-,-,B0BLFNJ5JL,B0BLFNJ5JL,X001Y7JKP7,;;;;
263,Standard,09/08/2024,12/08/2024,LPNHK285258835,Lowrance,,,Lowrance Hook2 4x Fischfinder,Used inventory,,CUSTOMER_DAMAGED,NO_REASON_GIVEN,,B0773K75DM,42-ZPTJ-RBP4,X0021E788X,;;;;
263,Standard,09/08/2024,12/08/2024,LPNHE818517340,Oxyturbo,,,OXYTURBO Druckminderer Major HP Stickstoff 60 bar Gas bis 300 bar mit Anschluss 1/4 SAE Der professionelle Reduzierer für Ihre Klimaanlage,Used inventory,,CUSTOMER_DAMAGED,NO_REASON_GIVEN,,B07F7KVPCX,E1-7OJW-OBB4,X001YV89VT,;;;;
263,Standard,09/08/2024,12/08/2024,LPNA048810374,Singer,,,""SINGER | Ferro Da Stiro | Vaporizzatore portatile, Stiro Verticale Vapore, 1500 W, Asse da stiro, Riscaldamento in 20 Secondi, Funzione di Auto-Spegnimento, Stirella Verticale,"",Used inventory,,CUSTOMER_DAMAGED,UNWANTED_ITEM,,B0BLFNJ5JL,F1-ZVUL-ASMQ,X001Y7JKP7,";;;;
268,Standard,09/08/2024,12/08/2024,LPNHK246499688,Focal,,,""Focal 1 kit 2 Wege Auditor ASE-165 ASE165 6,5"""" 165 mm 16,5 cm 60 watt rms 120 watt max mit 2 tieftönern 2 hochtönern 2 Crossover 4 ohm spl, EIN Paar"",Used inventory,,CUSTOMER_DAMAGED,QUALITY_UNACCEPTABLE,,B09SBPXVBQ,SH-ADHK-U3EB,X001ZQIZSP,";;;;
268,Standard,09/08/2024,12/08/2024,LPNHE809748811,Soundmaster,,,Soundmaster FUR6005 Funkgesteuertes Uhrenradio mit Projektion Infarot-Sensor IR-Sensor Funkuhr Funkwecker Projektionswecker,Used inventory,,DEFECTIVE,DEFECTIVE,""Funkuhr funktioniert nicht. (Haben 2 Radio gekauft, 1 er hatte sofort am selben Standort das Funksignal der 2. nicht."",B00KMM4TQW,""";;;;
amzn.gr.v2.pdZWMyLYZa6nhNmjwc7TcBPep7Q;;;;
X001Y51R9B,
268,Standard,09/08/2024,12/08/2024,LPNIC117592335,Storz & Bickel,,,MIGHTY Vaporizador,Dispose,,DEFECTIVE,QUALITY_UNACCEPTABLE,La batería no carga bien,B00P2K1UQ6,D9-JK9S-5MYF,X001WJ3KRV,
262,Standard,09/08/2024,09/08/2024,LPNHE414081870,Singer,,,SINGER Heavy Duty 4411 - Máquina de coser eléctrica, Acero inoxidable, Blanco"",Used inventory,,DEFECTIVE,QUALITY_UNACCEPTABLE,se atasca el hilo,B003VWXZKG,JO-324L-2WH3,X001NNHOFZ,";;;;
264,Standard,09/08/2024,09/08/2024,LPNHE831780382,Roten,,,RO+TEN GENUFIT04 GINOCCHIERA TUBOLARE CON STABILIZZATORE ROTULEO MIS M,New inventory,,DEFECTIVE,DEFECTIVE,""Salve avrei bisogno della taglia S l&#39";"articolo è taglia M, troppo grande per me"",B00HVD9JVK,6B-XB0N-KZ17,X001JOI65P,";;;
264,Standard,09/08/2024,09/08/2024,LPNHE811922014,Roten,,,""ROTEN Shouldfix II Tutore Spalla e Braccio Con Immobilizzatore e tasca gomito rimovibile, Destro e Sinistro , per Spalla Lussata, Fratture Omero"",New inventory,,CUSTOMER_DAMAGED,UNWANTED_ITEM,,B00ZLOSTDU,WN-Y6CO-E86B,X001JHJFBL,";;;;
264,Standard,09/08/2024,09/08/2024,LPNHE811922013,Roten,,,""ROTEN Shouldfix II Tutore Spalla e Braccio Con Immobilizzatore e tasca gomito rimovibile, Destro e Sinistro , per Spalla Lussata, Fratture Omero"",New inventory,,CUSTOMER_DAMAGED,UNWANTED_ITEM,,B00ZLOSTDU,WN-Y6CO-E86B,X001JHJFBL,";;;;
264,Standard,09/08/2024,09/08/2024,LPNHE810415106,Roten,,,""ROTEN Shouldfix II Tutore Spalla e Braccio Con Immobilizzatore e tasca gomito rimovibile, Destro e Sinistro , per Spalla Lussata, Fratture Omero"",New inventory,,CUSTOMER_DAMAGED,ORDERED_WRONG_ITEM,,B00ZLOSTDU,WN-Y6CO-E86B,X001JHJFBL,";;;;
264,Standard,09/08/2024,09/08/2024,LPNHE811902840,Roten,,,""ROTEN Shouldfix II Tutore Spalla e Braccio Con Immobilizzatore e tasca gomito rimovibile, Destro e Sinistro , per Spalla Lussata, Fratture Omero"",New inventory,,DEFECTIVE,NOT_COMPATIBLE,non andava bene per il mio problema,B00ZLOSTDU,WN-Y6CO-E86B,X001JHJFBL,";;;;
264,Standard,09/08/2024,09/08/2024,LPNHE832958456,Roten,,,""ROTEN Shouldfix II Tutore Spalla e Braccio Con Immobilizzatore e tasca gomito rimovibile, Destro e Sinistro , per Spalla Lussata, Fratture Omero"",New inventory,,CUSTOMER_DAMAGED,ORDERED_WRONG_ITEM,,B00ZLOSTDU,WN-Y6CO-E86B,X001JHJFBL,";;;;
264,Standard,09/08/2024,09/08/2024,LPNHE828144523,Roten,,,""ROTEN Shouldfix II Tutore Spalla e Braccio Con Immobilizzatore e tasca gomito rimovibile, Destro e Sinistro , per Spalla Lussata, Fratture Omero"",New inventory,,DEFECTIVE,QUALITY_UNACCEPTABLE,Troppo piccolo,B00ZLOSTDU,WN-Y6CO-E86B,X001JHJFBL,";;;;
264,Standard,09/08/2024,09/08/2024,LPNHE833092476,Roten,,,""ROTEN Shouldfix II Tutore Spalla e Braccio Con Immobilizzatore e tasca gomito rimovibile, Destro e Sinistro , per Spalla Lussata, Fratture Omero"",New inventory,,CUSTOMER_DAMAGED,UNWANTED_ITEM,,B00ZLOSTDU,WN-Y6CO-E86B,X001JHJFBL,";;;;
264,Standard,09/08/2024,09/08/2024,LPNHE832902156,Roten,,,RO+TEN - Tutore a cuscino per spalla con abduzione fissa a 10° TOP-S 10° - L,New inventory,,DEFECTIVE,QUALITY_UNACCEPTABLE,,B0100Y2I9Q,HQ-M4ZC-Z629,X001JOHCAP,;;;;
264,Standard,09/08/2024,09/08/2024,LPNHE831697554,Roten,,,RO+TEN - Top-S 15° Supporto per spalla con abduzione fissa a 15° - L,New inventory,,DEFECTIVE,NOT_COMPATIBLE,taglia errata,B0100Y4YKC,T2-NUIH-JUA8,X001JOI46V,;;;;
264,Standard,09/08/2024,09/08/2024,LPNHE831969448,Roten,,,""ROTEN Shouldfix II Tutore Spalla e Braccio Con Immobilizzatore e tasca gomito rimovibile, Destro e Sinistro , per Spalla Lussata, Fratture Omero"",New inventory,,DEFECTIVE,NOT_COMPATIBLE,troppo piccolo,B00ZLOSTDU,WN-Y6CO-E86B,X001JHJFBL,";;;;
264,Standard,09/08/2024,09/08/2024,LPNHE828170208,Roten,,,""ROTEN Shouldfix II Tutore Spalla e Braccio Con Immobilizzatore e tasca gomito rimovibile, Destro e Sinistro , per Spalla Lussata, Fratture Omero"",New inventory,,DEFECTIVE,QUALITY_UNACCEPTABLE,Dopo meno di un mese il velcro non aderisce più rendendone impossibile l’utilizzo.,B00ZLOSTDU,WN-Y6CO-E86B,X001JHJFBL,";;;;
264,Standard,09/08/2024,09/08/2024,LPNHE828114993,Roten,,,RO+TEN GENUFIT04 GINOCCHIERA TUBOLARE CON STABILIZZATORE ROTULEO MIS M,New inventory,,DEFECTIVE,NOT_AS_DESCRIBED,Ho preso le misure come era indicato nel sito e corrispondevano ad una M peccato che quando è arrivato e l ho misurato scendeva è grande,B00HVD9JVK,6B-XB0N-KZ17,X001JOI65P,;;;;
264,Standard,09/08/2024,09/08/2024,LPNHE833215125,Roten,,,""ROTEN Shouldfix II Tutore Spalla e Braccio Con Immobilizzatore e tasca gomito rimovibile, Destro e Sinistro , per Spalla Lussata, Fratture Omero"",New inventory,,CUSTOMER_DAMAGED,ORDERED_WRONG_ITEM,,B00ZLOSTDU,WN-Y6CO-E86B,X001JHJFBL,";;;;
264,Standard,09/08/2024,09/08/2024,LPNHE831319955,Roten,,,ROTEN | Tavoletta Singola | Riabilitazione caviglia o ginocchio | Propriocettiva | tendine d'Achille e distorsioni | Semisferica | Antiscivolo,New inventory,,DEFECTIVE,DEFECTIVE,,B01ITHU7LM,KI-H25S-KTV9,X00190KOOZ,;;;;
264,Standard,09/08/2024,09/08/2024,LPNHE832900661,Roten,,,RO+TEN - Lite-cross corsetto alto in tessuto sensitive® nero - S,New inventory,,CUSTOMER_DAMAGED,SWITCHEROO,,B0100Z0CVQ,P9-5W9Q-2PT2,X001MTND2X,;;;;
264,Standard,09/08/2024,09/08/2024,LPNHE814216990,Roten,,,RO+TEN - Lite-cross corsetto alto in tessuto sensitive® nero - L,New inventory,,CUSTOMER_DAMAGED,ORDERED_WRONG_ITEM,,B0100Z06WG,O5-NQOI-QKUR,X001KMBB7L,;;;;
264,Standard,09/08/2024,09/08/2024,LPNHE811794481,Roten,,,""ROTEN - Airstrong tutore bivalva con imbottiture ad aria gonfiabili, Distorsione alla caviglia"",New inventory,,DEFECTIVE,NOT_COMPATIBLE,Il prodotto acquistato non fascia la gamba come richiesto dal medico dopo una micro frattura alla caviglia.,B00ZUEUDKI,59-RPNO-KP7W,X001LBWEL3,";;;;
264,Standard,09/08/2024,09/08/2024,LPNA037104925,Roten,,,""ROTEN - Airstrong tutore bivalva con imbottiture ad aria gonfiabili, Distorsione alla caviglia"",New inventory,,CUSTOMER_DAMAGED,MISSED_ESTIMATED_DELIVERY,,B00ZUEUDKI,59-RPNO-KP7W,X001LBWEL3,";;;;
264,Standard,09/08/2024,09/08/2024,LPNHE828101812,Roten,,,""ROTEN - Airstrong tutore bivalva con imbottiture ad aria gonfiabili, Distorsione alla caviglia"",New inventory,,CUSTOMER_DAMAGED,ORDERED_WRONG_ITEM,,B00ZUEUDKI,59-RPNO-KP7W,X001LBWEL3,";;;;
264,Standard,09/08/2024,09/08/2024,LPNHE831670378,Roten,,,""ROTEN - Airstrong tutore bivalva con imbottiture ad aria gonfiabili, Distorsione alla caviglia"",New inventory,,CUSTOMER_DAMAGED,MISSED_ESTIMATED_DELIVERY,,B00ZUEUDKI,59-RPNO-KP7W,X001LBWEL3,";;;;
264,Standard,09/08/2024,09/08/2024,LPNHE832119965,Roten,,,""ROTEN - Airstrong tutore bivalva con imbottiture ad aria gonfiabili, Distorsione alla caviglia"",New inventory,,CUSTOMER_DAMAGED,UNWANTED_ITEM,,B00ZUEUDKI,59-RPNO-KP7W,X001LBWEL3,";;;;
264,Standard,09/08/2024,09/08/2024,LPNIC102713460,Globus,,,""GLOBUS | Magnum XL Magnetoterapia Domiciliaria Alta Potencia, 26 Programas, Tratamiento de Enfermedades Osteoarticulares, Fracturas, Dolor, Inflamación, Programas Estéticos para Celulitis y Estrías"",New inventory,,DEFECTIVE,NOT_AS_DESCRIBED,,B00BQEVM9W,BA-FFYS-RQSC,X001JV8OQJ,";;;;
264,Standard,09/08/2024,09/08/2024,LPNHE828006912,Colpharma,,,""COLPHARMA MAGNETOCARE, Apparecchio Magnetoterapia, Magnetoterapia ad Alta Intensità, Magnetoterapia Bassa Frequenza o Alta Frequenza, 2 Canali 20 Programmi Intensità Regolabile"",New inventory,,CUSTOMER_DAMAGED,UNWANTED_ITEM,,B07LG4QT24,J9-VZOT-2OD0,X001TDI7EL,";;;;
264,Standard,09/08/2024,09/08/2024,LPNHE832039879,Arizer,,,""Arizer XQ2 - Vaporizzatore da tavolo, colore: Nero (Senza nicotina)"",New inventory,,DEFECTIVE,QUALITY_UNACCEPTABLE,""secondo me ha un errore di progettazione, le sezioni di vetro che si incastrano non sono ermetiche. non riesco a farlo funzionare come dovrebbe quindi mi vedo costretto a restituirlo"",B09NRT4QYY,SC-NOBC-70KG,X001W97A8B,";;;;
264,Standard,09/08/2024,09/08/2024,LPNHE833030960,Orno,,,Orno OR-ZS-850 Tastiera Apriporta Simmetrica Bluetooth Smart IP44 Aperto via PIN e tramite l'applicazione,New inventory,,CUSTOMER_DAMAGED,NOT_COMPATIBLE,,B089MCC5R4,YE-OWHR-XZ5W,B089MCC5R4,;;;;
264,Standard,09/08/2024,09/08/2024,LPNHE814113983,Orno,,,Orno OR-ZS-850 Tastiera Apriporta Simmetrica Bluetooth Smart IP44 Aperto via PIN e tramite l'applicazione,New inventory,,-,-,-,B089MCC5R4,YE-OWHR-XZ5W,B089MCC5R4,;;;;
264,Standard,09/08/2024,09/08/2024,LPNHE414932790,Singer,,,""Singer 1409 Promise - Máquina de Coser Mecánica, 9 puntadas, 120 V, color Blanco, 22 x 41 x 35 cm, 6 Kg"",New inventory,,SELLABLE,DEFECTIVE,Rompe el hilo y se atasca,B008F8C8AE,4F-37Q6-BGEZ,X001ISGBA9,";;;;
264,Standard,09/08/2024,09/08/2024,LPNIC102150029,Singer,,,""Singer 2282 Tradition - Máquina de coser mecánica, 32 puntadas, Blanco"",New inventory,,DEFECTIVE,DEFECTIVE,No funciona correctamente,B00IKH6Q1C,6L-LTOD-RH3T,X001S8FVVJ,";;;;
264,Standard,09/08/2024,09/08/2024,LPNHK263954970,Reflecta,,,Reflecta Film Scanner Super 8 - Normal 8,New inventory,,DEFECTIVE,NOT_COMPATIBLE,""Der Scan-Vorgang wurde mehrmals ohne erkennbaren Grund unterbrochen, die Filmszenen zerteilt."",B01MYE5KPS,6G-8KES-HALX,X001Y7CGLR,";;;;
264,Standard,09/08/2024,09/08/2024,LPNHK263815461,Thera-band,,,""TheraBand Flexbar FlexBar - Flexibler Übungsstab - Effektives Rehabilitations- und Muskelaufbautraining für Ellenbogen und Handgelenke, Verschiedene Stärken Blau | Schwer, OneSize"",New inventory,,CUSTOMER_DAMAGED,NOT_COMPATIBLE,,B00J0ZIE9K,L2-GA1U-L5WJ,X001R2VWWN,";;;;
264,Standard,09/08/2024,09/08/2024,LPNHK281700364,Arizer,,,Arizer Air Max Vaporizer Trockene Kräuter Black Stainless Schwarz,New inventory,,CUSTOMER_DAMAGED,NO_REASON_GIVEN,,B0B1YS3YPF,PM-HI3T-BMU8,X002031KF7,;;;;
264,Standard,09/08/2024,09/08/2024,LPNHE836903711,Smono,,,Smono 3.3 Vaporizzatore - Nuovissima versione - senza nicotina,New inventory,,CUSTOMER_DAMAGED,QUALITY_UNACCEPTABLE,,B07YBD3QB8,KQ-BITS-E6NQ,X001WBB4F9,;;;;
264,Standard,09/08/2024,09/08/2024,LPNHK250625877,Orno,,,-,New inventory,,-,-,-,B09J596FCV,5908254819001,B09J596FCV,;;;;
264,Standard,09/08/2024,09/08/2024,LPNHE837208756,Blaupunkt,,,""Blaupunkt BPA 1123 BT, autoradio 1-DIN, FM-RDS, Bluetooth, vivavoce, 2 x USB, ingresso Aux, Sub-Out, Multicolore, 200 Watt"",New inventory,,DEFECTIVE,QUALITY_UNACCEPTABLE,,B0CGMFVNTK,UW-I2K7-MZNR,X002056YAB,";;;;
264,Standard,09/08/2024,09/08/2024,LPNHE810280267,Fgp,,,""TIELLE CAMP - Molla di codivilla Modello NA 400 Tutore Resistente in Polietilene - Large, Destra"",New inventory,,DEFECTIVE,QUALITY_UNACCEPTABLE,Non è adatto al mio problema ed è diverso rispetto alla molla che uso già,B0100Z06BM,R1-NIJ1-NQAR,X001WOX16B,";;;;
264,Standard,09/08/2024,09/08/2024,LPNHE833248414,Fgp,,,""TIELLE CAMP - Molla di codivilla Modello NA 400 Tutore Resistente in Polietilene - Medium, Sinistra"",New inventory,,CUSTOMER_DAMAGED,SWITCHEROO,,B0100Z0FI6,I9-T6A0-O5ZK,X001LD1JNF,";;;;
264,Standard,09/08/2024,09/08/2024,LPNHE831743832,Fgp,,,""TIELLE CAMP - Molla di codivilla - Modello NA 400 Tutore Resistente in Polietilene - Large, Sinistra"",New inventory,,DEFECTIVE,NOT_COMPATIBLE,Misura troppo grande di quella necessaria,B0100Z09B4,W8-GB3X-B3GW,X001WOX1Y3,";;;;
264,Standard,09/08/2024,09/08/2024,LPNHE818746202,Pax,,,PAX Plus | Premium tragbarer Vaporizer für trockene Kräuter Konzentrate und öle 10 Jahre Garantie Komplett Set Onyx.,New inventory,,CUSTOMER_DAMAGED,NO_REASON_GIVEN,,B0C24RHZH3,B0C24RHZH3,X0020S2QL9,;;;;
264,Standard,09/08/2024,09/08/2024,LPNHE828182149,Pax,,,""PAX Plus | Vaporizzatore Portatile Premium, Erba Secca, Concentrato, 10 Anni di Garanzia, Kit Completo, Sage"",New inventory,,DEFECTIVE,QUALITY_UNACCEPTABLE,""Il surriscaldamento eccessivo di questo lo rende impossibile da utilizzare o tenere in mano senza rischiare di scottarsi, scarsa durata della batteria."",B0C24WP6QQ,EU-93A3-XQJX,X0020RXTGV,";;;;
264,Standard,09/08/2024,09/08/2024,LPNHE834328428,Pax,,,PAX Plus | Premium tragbarer Vaporizer für trockene Kräuter Konzentrate und öle 10 Jahre Garantie Komplett Set Sage.,New inventory,,DEFECTIVE,NOT_COMPATIBLE,Ist nicht so wie ich es mir vorgestellt habe.,B0C24WP6QQ,EU-93A3-XQJX,X0020RXTGV,;;;;
264,Standard,09/08/2024,09/08/2024,LPNHE848323341,Storz & Bickel,,,CRAFTY+ Vaporizer (2021),New inventory,,CUSTOMER_DAMAGED,NOT_COMPATIBLE,,B09M8XNPT2,ZU-N8CZ-8BYL,X001Z6J5CZ,;;;;
264,Standard,09/08/2024,09/08/2024,LPNHE834217362,Bauerfeind,,,BAUERFEIND Fußkettchen Bivalva AirLoc New Ambidestra,New inventory,,CUSTOMER_DAMAGED,NOT_COMPATIBLE,,B09VCMMM3G,B09VCMMM3G,X0021IZHNH,;;;;
264,Standard,09/08/2024,09/08/2024,LPNHK263405727,Soundmaster,,,Soundmaster DAB60WE DAB+ UKW Bluetooth Badradio Steckdosenradio mit Bewegungsmelder und eingebautem Akku,New inventory,,CUSTOMER_DAMAGED,DEFECTIVE,,B09779BFMM,OC-7PYA-CBVM,X001V60JSN,;;;;
265,Standard,09/08/2024,09/08/2024,LPNHE824261965,Asrock,,,Asrock H310CM-DVS Intel® H310 LGA 1151 (Emplacement H4) Micro ATX,Used inventory,,CUSTOMER_DAMAGED,DAMAGED_BY_FC,,B07G6MP3LC,44-421Q-FGJ5,X001VT0G8N,;;;;
265,Standard,09/08/2024,09/08/2024,LPNHE815899461,Blaupunkt,,,""Blaupunkt BPA1119BT Autoradio 1 DIN, Bluetooth, USB, Noir"",Used inventory,,CUSTOMER_DAMAGED,NOT_COMPATIBLE,,B07XQWP36F,JM-TOG4-JIT5,X001YY0A4P,";;;;
265,Standard,09/08/2024,09/08/2024,LPNHK281663283,Blaupunkt,,,""Blaupunkt BPA1119BT Autoradio 1 DIN, Bluetooth, USB, Noir"",Used inventory,,DEFECTIVE,QUALITY_UNACCEPTABLE,La connexion Bluetooth est aléatoire et la qualité varie entre Iphone et Android.,B07XQWP36F,JM-TOG4-JIT5,X001YY0A4P,";;;;
265,Standard,09/08/2024,09/08/2024,LPNHE834551503,Dune,,,""Dune HD Homatics Box R 4K Plus Android TV 11 | Media Player | Chromecast | Mini PC | Netflix in 4K Dolby Vision & Atmos | 4GB / 32GB, AV1, Wi-Fi 6, 1Gbit, ISO 4K DV P7 FEL MKV AFR | HDR10+ | DTS"",Used inventory,,CUSTOMER_DAMAGED,NO_REASON_GIVEN,,B0BV7FS48D,""";;;;
KX-KSYP-RSV7"",X0020D4O1T,";;;;
265,Standard,09/08/2024,09/08/2024,LPNHK226737518,Eckerle,,,""EE300 - Tank-Kondensatpumpe / Kondensathebeanlage für Klimaanlagen, Heizungen, Kühltheken, Luftentfeuchter"",New inventory,,CUSTOMER_DAMAGED,NO_REASON_GIVEN,,B074T19RVP,HT-OLT4-HX1M,X001ZZB8Q7,";;;;
265,Standard,09/08/2024,09/08/2024,LPNHK279411060,Eckerle,,,""EE300 - Tank-Kondensatpumpe / Kondensathebeanlage für Klimaanlagen, Heizungen, Kühltheken, Luftentfeuchter"",New inventory,,CUSTOMER_DAMAGED,NO_REASON_GIVEN,,B074T19RVP,HT-OLT4-HX1M,X001ZZB8Q7,";;;;
265,Standard,09/08/2024,09/08/2024,LPNHE833317684,Epos,,,""EPOS I Sennheiser Casque Gamer GSP 500, Casque Gaming Flip-to-Mute, Casque Audio Micro Antibruit, Arceau Ergonomique, Coussinets Mousse, Compatible PC, Mac, PS4, PS5, Xbox Series X et One, Switch"",New inventory,,CUSTOMER_DAMAGED,QUALITY_UNACCEPTABLE,,B079D7HJ13,4044155224320,X001QKSYY5,";;;;
265,Standard,09/08/2024,09/08/2024,LPNHE834711866,Epos,,,""EPOS I Sennheiser Casque Gamer GSP 500, Casque Gaming Flip-to-Mute, Casque Audio Micro Antibruit, Arceau Ergonomique, Coussinets Mousse, Compatible PC, Mac, PS4, PS5, Xbox Series X et One, Switch"",New inventory,,CUSTOMER_DAMAGED,QUALITY_UNACCEPTABLE,,B079D7HJ13,4044155224320,X001SA1HPL,";;;;
265,Standard,09/08/2024,09/08/2024,LPNHE810141508,Orno,,,""ORNO OR-DOM-RL-901 Citofono da Interno per Casa Unifamiliare, Montaggio ad Incasso a 2 Fili, 220V AC (Sistema citofonico)"",Used inventory,,CUSTOMER_DAMAGED,NOT_COMPATIBLE,,B06XVS19J5,""";;;;
7S-HEQS-LCII"",B06XVS19J5,";;;;
265,Standard,09/08/2024,09/08/2024,LPNHE842698103,Reflecta,,,Reflecta Film Scanner Super 8 - Normal 8 Numériseur d'archivage/à défilement Noir,New inventory,,DEFECTIVE,QUALITY_UNACCEPTABLE,Le film super 8 patine et il ne défile pas correctement,B01MYE5KPS,6G-8KES-HALX,X001Y7CGLR,;;;;
265,Standard,09/08/2024,09/08/2024,LPNIC102148366,Singer,,,""Singer 1409 Promise - Máquina de Coser Mecánica, 9 puntadas, 120 V, color Blanco, 22 x 41 x 35 cm, 6 Kg"",Used inventory,,CUSTOMER_DAMAGED,UNWANTED_ITEM,,B008F8C8AE,L5-FKZU-TROH,X001ISGBA9,";;;;
265,Standard,09/08/2024,09/08/2024,LPNIC104046283,Singer,,,""Singer 1409 Promise - Máquina de Coser Mecánica, 9 puntadas, 120 V, color Blanco, 22 x 41 x 35 cm, 6 Kg"",Used inventory,,DEFECTIVE,DEFECTIVE,""No funciona, quiero que me la descambien"",B008F8C8AE,L5-FKZU-TROH,X001ISGBA9,";;;;
265,Standard,09/08/2024,09/08/2024,LPNHE809602195,Western Digital,,,""WD Red interne NAS-Festplatte 3 TB (3,5 Zoll, NAS Festplatte, 5400 U/min, SATA 6 Gbit/s, NASware-Technologie, 256 MB Cache)"",Used inventory,,DEFECTIVE,DEFECTIVE,,B083XVD1FP,EZ-4PC7-FP5U,X001YS93ET,";;;;
265,Standard,09/08/2024,09/08/2024,LPNRP021991524,Western Digital,,,""WD Red, Disque dur interne NAS 3 To - 5400 rpm, SATA 6 Go/s, SMR, Cache de 256 Mo, 3,5 po"",Used inventory,,DEFECTIVE,DEFECTIVE,Le disque dur ne fonctionne pas,B083XVD1FP,EZ-4PC7-FP5U,X001YS93ET,";;;;
264,Standard,09/08/2024,09/08/2024,LPNHE811887011,Fgp,,,FGP - M. STEP® - Tutore bivalve per caviglia (mod. Standard),New inventory,,DEFECTIVE,QUALITY_UNACCEPTABLE,L’articolo non rispecchia le funzionalità indicate,B0100Y8AMA,B0100Y8AMA,X001WPI9KX,;;;;
266,Standard,09/08/2024,,LPNA037813475,Roten,,,""ROTEN Shouldfix II Tutore Spalla e Braccio Con Immobilizzatore e tasca gomito rimovibile, Destro e Sinistro , per Spalla Lussata, Fratture Omero"",Assistance,,CUSTOMER_DAMAGED,ORDERED_WRONG_ITEM,,B00ZLOSTDU,WN-Y6CO-E86B,X001JHJFBL,";;;;
266,Standard,09/08/2024,,LPNHE786335887,Roten,,,""ROTEN Shouldfix II Tutore Spalla e Braccio Con Immobilizzatore e tasca gomito rimovibile, Destro e Sinistro , per Spalla Lussata, Fratture Omero"",Assistance,,DEFECTIVE,NOT_COMPATIBLE,Il prodotto presenta i lacci reggi bracci difettosi in quanto il velcro non rimane agganciato. Provato a contattare il venditore ma mi hanno detto che loro si interfacciano solo con le aziende,B00ZLOSTDU,WN-Y6CO-E86B,X001JHJFBL,";;;;
266,Standard,09/08/2024,,LPNHE831967260,Roten,,,""ROTEN - Airstrong tutore bivalva con imbottiture ad aria gonfiabili, Distorsione alla caviglia"",Assistance,,CUSTOMER_DAMAGED,ORDERED_WRONG_ITEM,,B00ZUEUDKI,59-RPNO-KP7W,X001LBWEL3,";;;;
266,Standard,09/08/2024,,LPNA047858358,Roten,,,RO+TEN - Lite-cross corsetto alto in tessuto sensitive® nero - L,Assistance,,DEFECTIVE,NOT_COMPATIBLE,Taglia piccola,B0100Z06WG,O5-NQOI-QKUR,X001KMBB7L,;;;;
266,Standard,09/08/2024,,LPNHE837297729,Roten,,,""ROTEN - Airstrong tutore bivalva con imbottiture ad aria gonfiabili, Distorsione alla caviglia"",Assistance,,DEFECTIVE,NOT_COMPATIBLE,Non funzionale,B00ZUEUDKI,59-RPNO-KP7W,X001LBWEL3,";;;;
266,Standard,09/08/2024,,LPNHE833268405,Roten,,,Epifit 32 | Gomitiera in Tessuto AirX | Ortesi Elastiche Gomito | RoTen (XS),Assistance,,DEFECTIVE,NOT_COMPATIBLE,Taglia non adeguata,B0BSH54H3C,3L-T0F7-ZBWR,X001PFD84R,;;;;
266,Standard,09/08/2024,,LPNA048155704,Roten,,,RO+TEN - Ginocchiera corta per instabilità rotulea - Object 10 - L,Assistance,,CUSTOMER_DAMAGED,NO_REASON_GIVEN,,B0100YVYK0,93-BJJ5-WCZV,X001A52FG9,;;;;
266,Standard,09/08/2024,,LPNHE833778016,Roten,,,""Storz & Bickel Mighty Verdampfer, Kompakt"",Assistance,,DEFECTIVE,DEFECTIVE,Fehlermeldung vorhanden/funktioniert nicht,B00P2K1UQ6,D9-JK9S-5MYF,X001WJ3KRV,";;;;
266,Standard,09/08/2024,,LPNA051513270,Roten,,,RO+TEN - Ginocchiera corta per instabilità rotulea - Object 10 - XL,Assistance,,DEFECTIVE,QUALITY_UNACCEPTABLE,troppo piccolo,B0100YW1MU,D0-GPYE-683Q,X001O4TJ33,;;;;
266,Standard,09/08/2024,,LPNHK266818867,Roten,,,PAX Plus | Premium tragbarer Vaporizer für trockene Kräuter Konzentrate und öle 10 Jahre Garantie Komplett Set Onyx.,Assistance,,CUSTOMER_DAMAGED,NO_REASON_GIVEN,,B0C24RHZH3,B0C24RHZH3,X0020S2QL9,;;;;
266,Standard,09/08/2024,,LPNHE811916289,Roten,,,EQUALIZER RO+TEN PR4-400 tutore fisso per tibio-tarsica per trauma alla caviglia e lesioni al tendine d'Achille - mis. SMALL (36-39) - Conforme alla normativa CE,Assistance,,CUSTOMER_DAMAGED,UNWANTED_ITEM,,B07BRS76XR,V0-VKKO-4TL1,X001KEO3SN,;;;;
266,Standard,09/08/2024,,LPNHE831209661,Roten,,,RO+Ten | Equal 450 | Tutore a Stivaletto Rigido Basso | Scarpe Ortopediche Donna e Uomo | Tutore Caviglia Distorsione | Cinghia di Fissaggio (L),Assistance,,CUSTOMER_DAMAGED,ORDERED_WRONG_ITEM,,B0BR84W5NB,KZ-CLIC-JV0R,X001P1CPXL,;;;;
266,Standard,09/08/2024,,LPNHE811237454,Roten,,,RO+Ten | Equal 450 | Tutore a Stivaletto Rigido Basso | Scarpe Ortopediche Donna e Uomo | Tutore Caviglia Distorsione | Cinghia di Fissaggio (XL),Assistance,,DEFECTIVE,QUALITY_UNACCEPTABLE,,B0BR86SSKJ,JZ-YB1O-Y8B5,X001P1MB2B,;;;;
266,Standard,09/08/2024,,LPNHE831464041,Roten,,,RO+Ten | Equal 450 | Tutore a Stivaletto Rigido Basso | Scarpe Ortopediche Donna e Uomo | Tutore Caviglia Distorsione | Cinghia di Fissaggio (S),Assistance,,DEFECTIVE,DAMAGED_BY_FC,Il prodotto sembra essere stato già utilizzato,B0BR8681CL,QA-45A3-X3EZ,X001P1CPY5,;;;;
266,Standard,09/08/2024,,LPNHE832983181,Roten,,,RO+Ten | Equal 450 | Tutore a Stivaletto Rigido Basso | Scarpe Ortopediche Donna e Uomo | Tutore Caviglia Distorsione | Cinghia di Fissaggio (S),Assistance,,DEFECTIVE,NOT_COMPATIBLE,Non compatibile con le indicazioni del medico ortopedico.,B0BR8681CL,QA-45A3-X3EZ,X001P1CPY5,;;;;
266,Standard,09/08/2024,,LPNHE830994046,Roten,,,RO+TEN - Top-S 15° Supporto per spalla con abduzione fissa a 15° - S,Assistance,,CUSTOMER_DAMAGED,ORDERED_WRONG_ITEM,,B0100Y4U4M,4Y-3H23-S8AM,X001O4MGI3,;;;;
266,Standard,09/08/2024,,LPNHE836618172,Roten,,,RO+TEN GENUFIT04 GINOCCHIERA TUBOLARE CON STABILIZZATORE ROTULEO MIS XL,Assistance,,DEFECTIVE,NOT_COMPATIBLE,Taglia sbagliata,B00HVD9N1Q,IR-PZYD-DVM1,X001OAP3O1,;;;;
266,Standard,09/08/2024,,LPNHE846373518,Roten,,,-,Assistance,,-,-,-,-,-,-,;;;;
266,Standard,09/08/2024,,LPNHE843106905,Roten,,,""FGP - PROGRAMMA RIZOARTROSI night&day - Pdn-sCa dx/sx - M, Destra"",Assistance,,DEFECTIVE,QUALITY_UNACCEPTABLE,Troppo rigido e inadeguato,B00ZUEWCA2,GP-YGPK-SLCO,X001WXFGY7,";;;;
268,Standard,09/08/2024,09/08/2024,LPNHK281687003,Sauermann,,,""Si-83 Pack 1 - Kondensatpumpe 700 l/h für Klimaanlagen, Heizungen, Luftentfeuchter uvm."",Dispose,,DEFECTIVE,DEFECTIVE,Funktioniert nicht,B08BX4WZXH,CL-2JLB-RRPL,X001X0VOZT,";;;;
268,Standard,09/08/2024,09/08/2024,LPNHK266908899,Realme,,,""realme Buds Air Pro Bluetooth Headphones,Active Noise Cancellation up to 35 dB,94ms super Low Latency,Matted Black"",Dispose,,DEFECTIVE,DEFECTIVE,Meine neu erhaltenen Bluetooth Kopfhöhrer lassen sich nicht verbinden und erscheinen nicht in der Bluetooth Schaltfläche des Handys,B08MB98WLL,RK-MHFN-6C6P,X001VL24YF,";;;;
268,Standard,09/08/2024,,LPNHE784720117,Globus,,,""Globus | Duo Tens, Elettrostimolatore Muscolare a 2 Canali, 20 Programmi per i Trattamento dei più Comuni Sintomi Dolorosi"",Dispose,,DEFECTIVE,DEFECTIVE,""Ho provato ad accenderlo ma non si accende , va solo uno dei 2 articoli che ho acquistato, lo schermo si illumina solo quando inserisco il caricatore è da segno di caricamento, ma poi non si accende."",B00HZO5BDA,FP-NKIZ-IQG4,X001O6ZFD9,";;;;
268,Standard,09/08/2024,,LPNHE838175921,Clean Hands,,,""Clean Hands - Kit de gants hygiéniques professionnels avec aimant pour la manipulation des aliments, du pain, de la viande et du poisson"",Dispose,,DEFECTIVE,MISSING_PARTS,Un bracelet manquant,B08CTDW96M,B7-RFVS-TQZH,X0017DQTU7,";;;;
268,Standard,09/08/2024,,LPNRP015539668,Soundmaster,,,Soundmaster FUR6005 Funkgesteuertes Uhrenradio mit Projektion Infarot-Sensor IR-Sensor Funkuhr Funkwecker Projektionswecker,Dispose,,DEFECTIVE,DEFECTIVE,Programmieren von Radiosendern und Weckzeit nur gelegentlich möglich. Digitalsnzeige Projektionslampe fehlerhaft.,B00KMM4TQW,amzn.gr.v2.lRRUdg6XIb5c_72ulIHJ1rPKGyE,X00219MQDF,;;;;
268,Standard,09/08/2024,,LPNHE807488163,Fgp,,,FGP - M. STEP® - Tutore bivalve per caviglia (mod. Standard),Dispose,,DEFECTIVE,NOT_COMPATIBLE,La conchiglia non è compatibile con la conformazione del malleolo,B0100Y8AMA,B0100Y8AMA,X001WPI9KX,;;;;
268,Standard,09/08/2024,,LPNHK190053712,Tellur,,,""TELLUR VOX 155 Headset Bluetooth Handy, Headset für Handys USB-C, Multipoint-Zwei verbundene Geräte gleichzeitig, 360° Drehung des rechten oder linken Ohrs, IOS, Android und Computer"",Dispose,,DEFECTIVE,DEFECTIVE,,B0CBCF3MKM,DK-NF8Y-H701,X001WXUOE9,";;;;
268,Standard,09/08/2024,,LPNHK194394251,Kerbl,,,""Kerbl - Set mit Infrarotstrahlen, 250 W, Reflektorhalterung mit Schutzgitter, Kette zur Befestigung und Kabel 2,5 m"",Dispose,,CUSTOMER_DAMAGED,NOT_COMPATIBLE,,B093CHJ7QC,MJ-RZWI-NV9N,X001CZZR71,";;;;
268,Standard,09/08/2024,,LPNHK286196350,Lupine,,,Lupine C14 SP Rücklicht 45 Lumen für E-Bikes (Sattelstützen-Version),Dispose,,CUSTOMER_DAMAGED,SWITCHEROO,,B09C22XGFD,82-6N85-IY8R,X001YPDWET,;;;;
268,Standard,09/08/2024,,LPNRP002441154,Value,,,""Cartellatrice Elettrica a Batteria, Cartellatrice Per Condizionamento, Cartellatrice Per Tubi in Rame, Ø 1/4″, 3/8″, 1/2″, 5/8″, 3/4″"",Dispose,,DEFECTIVE,NOT_COMPATIBLE,Non fa delle cartelle adeguate,B08V1QM21Q,ZO-HX1U-Z6RD,X001YNXC9V,";;;;
268,Standard,09/08/2024,,LPNIC107319622,Asrock,,,""Asrock H310CM-DVS S.1151 M, D-Sub/DVI DDR4"",Dispose,,DEFECTIVE,DEFECTIVE,Falta placa trasera,B07G6MP3LC,44-421Q-FGJ5,X001VT0G8N,";;;;
268,Standard,09/08/2024,,LPNIC104781064,Singer,,,Singer C430 Sewing Machine Electronic White,Dispose,,DEFECTIVE,DEFECTIVE,Defectuoso,B07X9NR6VQ,P2-IPFK-TILB,X001OC56SH,;;;;
269,Standard,12/08/2024,,LPNIC104012752,Dinobike,,,""Dino Bikes - 164R-UN Unicorn - Bicicleta con diseño de Unicornios de 40,6 cm, Color Blanco y Rosa"",Used inventory,,DEFECTIVE,DAMAGED_BY_FC,,B07NFLS4NW,-,X001XUPEEV,";;;;
269,Standard,12/08/2024,,LPNHK110401821,Dinobike,,,""Dino Bikes- Vélo, 124 RL-Un, Multicolore"",Used inventory,,CUSTOMER_DAMAGED,UNWANTED_ITEM,,B07NFLS6JY,-,X001XUWM9L,";;;;
269,Standard,12/08/2024,,LPNHK112025115,Dinobike,,,Dino Bikes Vélo pour enfant Peppa Pig de 12 pouces Vélo pour fille avec roues de soutien amovibles à partir de 2 ans Vélo pour enfant avec panier avant et portepoupées Hauteur de selle et,Used inventory,,CUSTOMER_DAMAGED,DEFECTIVE,,B0BQYYY6B2,-,B0BQYYY6B2,;;;;
269,Standard,12/08/2024,,LPNHK109756310,Dinobike,,,Dino Bikes - 12 Zoll Kinderfahrrad Peppa Wutz Pig - Mädchen Fahrrad mit abnehmbaren Stützrädern ab 2 Jahren - Kinderrad mit Frontkorb & Puppenträger - verstellbare Sattel- & Lenkerhöhe (Pink),Used inventory,,DEFECTIVE,DEFECTIVE,Die rader sind schief und Plastik rader,B0BQYYY6B2,-,X001YKD4FL,;;;;
269,Standard,12/08/2024,,LPNIC076219103,Dinobike,,,""Dino Bikes - 164R-UN Unicorn - Bicicleta con diseño de Unicornios de 40,6 cm, Color Blanco y Rosa"",Used inventory,,DEFECTIVE,DEFECTIVE,No se ha llegado a montar. Tiene marcas en varios sitios y la rueda no gira libremente,B07NFLS4NW,-,X001XUPEEV,";;;;
269,Standard,12/08/2024,,LPNHL961602881,Dinobike,,,Dino Bikes - 12 Zoll Kinderfahrrad Peppa Wutz Pig - Mädchen Fahrrad mit abnehmbaren Stützrädern ab 2 Jahren - Kinderrad mit Frontkorb & Puppenträger - verstellbare Sattel- & Lenkerhöhe (Pink),Used inventory,,CUSTOMER_DAMAGED,ORDERED_WRONG_ITEM,,B0BQYYY6B2,-,B0BQYYY6B2,;;;;
269,Standard,12/08/2024,,LPNHE188818716,Dinobike,,,""Dino Bikes Unicorn 14"""" Bicicletta, 14'' Bambina, Bianco e Rosa"",Used inventory,,DEFECTIVE,DEFECTIVE,Manca il sedile della bicicletta,B07NFM32LG,-,X001XUTZY1,";;;;
269,Standard,12/08/2024,,LPNHL961122858,Dinobike,,,Dino Bikes Jungen Kinderfahrrad grün 412U Jungenfahrrad - 12 Zoll | TÜV geprüft | Original | Kinderrad mit Stützrädern - Das Fahrrad als Geschenk für Jungen,Used inventory,,DEFECTIVE,DEFECTIVE,Dieses Fahrrad ist unbrauchbar u absolut nicht empfehlenswert die bremsen klemmen sich ständig fest man kann damit nicht fahren!!!,B01MDS5VHF,-,B01MDS5VHF,;;;;
270,Standard,12/08/2024,,LPNHK257026435,Lowrance,,,Lowrance Hook2-4X Gps Bullet Geber Echolot Fischfinder,Used inventory,,DEFECTIVE,QUALITY_UNACCEPTABLE,Zu ungenau,B0773LN6BW,RB-QYEP-EXOP,X0020U2RBL,;;;;
270,Standard,12/08/2024,,LPNHE840747255,Dune,,,""Dune HD Homatics Box R 4K Plus Android TV 11 | Media Player | Chromecast | Mini PC | Netflix in 4K Dolby Vision & Atmos | 4GB / 32GB, AV1, Wi-Fi 6, 1Gbit, ISO 4K DV P7 FEL MKV AFR | HDR10+ | DTS"",New inventory,,DEFECTIVE,QUALITY_UNACCEPTABLE,Kein Bild,B0BV7FS48D,YE-JY05-CH60,X001X79K8Z,";;;;
270,Standard,12/08/2024,,LPNHE830447832,Dune,,,""Dune HD Homatics Box R 4K Plus Android TV 11 | Lecteur Multimédia | Chromecast | Mini PC | Netflix in 4K Dolby Vision & Atmos | 4GB/32GB, AV1, Wi-FI 6, 1Gbit, ISO 4K DV P7 FEL MKV AFR | HDR10+ | DTS"",New inventory,,DEFECTIVE,QUALITY_UNACCEPTABLE,""impossible de configurer l&#39";"appareil, il ne fonctionne pas comme attendu"",B0BV7FS48D,YE-JY05-CH60,X001X79K8Z,";;;
270,Standard,12/08/2024,,LPNA050617372,Roten,,,""ROTEN - Airstrong tutore bivalva con imbottiture ad aria gonfiabili, Distorsione alla caviglia"",New inventory,,DEFECTIVE,NOT_COMPATIBLE,SCOMODO DA INDOSSARE,B00ZUEUDKI,59-RPNO-KP7W,X001LBWEL3,";;;;
270,Standard,12/08/2024,,LPNHE847262118,Dune,,,""Dune HD Homatics Box R 4K Plus Android TV 11 | Lecteur Multimédia | Chromecast | Mini PC | Netflix in 4K Dolby Vision & Atmos | 4GB/32GB, AV1, Wi-FI 6, 1Gbit, ISO 4K DV P7 FEL MKV AFR | HDR10+ | DTS"",New inventory,,DEFECTIVE,NOT_COMPATIBLE,Le produit est instable. La lecture vidéo est saccadée,B0BV7FS48D,YE-JY05-CH60,X001X79K8Z,";;;;
270,Standard,12/08/2024,,LPNHE833543374,Blaupunkt,,,""Blaupunkt Essen 200 Dab BT Autoradio Bluetooth®-kit Mains Libres, Dab+ Tuner"",New inventory,,DEFECTIVE,QUALITY_UNACCEPTABLE,Bonjour l&#39";autoradio est pas du tout intuitife et la réception FM et Dab est très médiocre.,B08S449JSH,SL-OMM4-MP1U,X001YY5B7B,;;;
270,Standard,12/08/2024,,LPNA052240453,Globus,,,""Globus | Magnum L Solenoide Flessibile, Magnetoterapia con 8 Programmi per Trattamenti Domiciliari, per Trattare Fratture e Patologie Croniche Come Artite e Artrosi"",New inventory,,CUSTOMER_DAMAGED,UNWANTED_ITEM,,B00MGLW0TA,5J-Z39V-ISGI,X001J52OE3,";;;;
270,Standard,12/08/2024,,LPNHE681662712,Hertz,,,""Hertz HCP4 - Amplificatore a 4 canali, 4 x 95 Watt"",Used inventory,,DEFECTIVE,QUALITY_UNACCEPTABLE,,B00X87NBDU,""";;;;
amzn.gr.MS-WQQW-RPC4-gQmYVgoQi7V6M2Qo-GD"",X001J75WF9,";;;;
270,Standard,12/08/2024,,LPNHE810704130,Roten,,,EQUALIZER RO+TEN PR4-400 tutore fisso per tibio-tarsica per trauma alla caviglia e lesioni al tendine d'Achille - mis. SMALL (36-39) - Conforme alla normativa CE,New inventory,,DEFECTIVE,NOT_COMPATIBLE,Troppo grande per il piede (mia moglie ha un 36) e quindi il piede stesso balla anche stringendolo al massimo,B07BRS76XR,V0-VKKO-4TL1,X001KEO3SN,;;;;
271,Standard,12/08/2024,,LPNHE836823543,Storz & Bickel,,,VOLCANO HYBRID Vaporizzatore,To be checked,,DEFECTIVE,QUALITY_UNACCEPTABLE,""Il vapore prodotto mi fa tossire peggio del fumo di una sigaretta";" ho preso questo prodotto convinto che fosse piu salutare del fumo, ma dopo averlo provato ho i miei dubbi"",B07T9T4Z7J,CG-MPBV-22ZE,X00203ARFL,";;;
271,Standard,12/08/2024,,LPNA050503102,Roten,,,""ROTEN - Airstrong tutore bivalva con imbottiture ad aria gonfiabili, Distorsione alla caviglia"",To be checked,,DEFECTIVE,QUALITY_UNACCEPTABLE,Non gonfia bene,B00ZUEUDKI,59-RPNO-KP7W,X001LBWEL3,";;;;
271,Standard,12/08/2024,,LPNA050540005,Roten,,,""ROTEN - Airstrong tutore bivalva con imbottiture ad aria gonfiabili, Distorsione alla caviglia"",To be checked,,DEFECTIVE,DEFECTIVE,""Il tutore non è stabile, anche se ho provato a gonfiato bene,si sposta e mi faceva male e infatti e non è stato praticamente usato."",B00ZUEUDKI,59-RPNO-KP7W,X001LBWEL3,";;;;
271,Standard,12/08/2024,,LPNHK255415163,Tielle,,,""Sporlastic FOOT-UP Fußheberorthese Gr.1 schwarz 07810, 500 g"",To be checked,,DEFECTIVE,NOT_COMPATIBLE,Keine Dehnung möglich.,B002KKG87W,EX-TEGV-CCB0,X001WP34PD,";;;;
271,Standard,12/08/2024,,LPNHE836839197,Roten,,,RO+TEN - Top-S 15° Supporto per spalla con abduzione fissa a 15° - M,To be checked,,DEFECTIVE,MISSING_PARTS,Mancano gli attacchi girocollo.,B0100Y4WC2,ST-KKEX-F5XC,X001JOI4S9,;;;;
271,Standard,12/08/2024,,LPNHE826375405,Focal,,,""Focal 1 kit 2 Voies Auditor ASE-165 ASE165 6.5"""" 165 mm 16.5 cm 60 Watt rms 120 Watt Max avec 2 woofers 2 tweeters 2 Crossover 4 ohm Voiture, la Paire"",To be checked,,CUSTOMER_DAMAGED,DAMAGED_BY_CARRIER,,B09SBPXVBQ,amzn.gr.IC-ZFNM-1MHO-6AfC9-6CeXwMjowU-LN,X0021NDG5N,";;;;
271,Standard,12/08/2024,,LPNHE818153155,Kerbl,,,""Kerbl Kit lampe à rayons infrarouge chauffants 250 W + réflecteur porte-lampe avec grille de protection, chaîne de fixation et câble de 2,5 m"",To be checked,,CUSTOMER_DAMAGED,DEFECTIVE,,B093CHJ7QC,MJ-RZWI-NV9N,X001CZZR71,";;;;
271,Standard,12/08/2024,,LPNHE824631943,Kerbl,,,""Kerbl Kit lampe à rayons infrarouge chauffants 250 W + réflecteur porte-lampe avec grille de protection, chaîne de fixation et câble de 2,5 m"",To be checked,,DEFECTIVE,DEFECTIVE,L ampoule c est désolidarise du pas de vis après moins de 4 h d utilisation c est scandaleux,B093CHJ7QC,MJ-RZWI-NV9N,X001CZZR71,";;;;
271,Standard,12/08/2024,,LPNRP014297236,Kerbl,,,""Kerbl Kit lampe à rayons infrarouge chauffants 250 W + réflecteur porte-lampe avec grille de protection, chaîne de fixation et câble de 2,5 m"",To be checked,,DEFECTIVE,DAMAGED_BY_FC,""Le colis est arrivé samedi comme convenu. Le carton était intact, mais l&#39";ampoule à l&#39;intérieur d&#39;un autre petit carton en morceaux. Le support métallique de l&#39;"ampoule a également 2 gros chocs."",B093CHJ7QC,MJ-RZWI-NV9N,X001CZZR71,"
271,Standard,12/08/2024,,LPNHE819040906,Kerbl,,,""Kerbl Kit lampe à rayons infrarouge chauffants 250 W + réflecteur porte-lampe avec grille de protection, chaîne de fixation et câble de 2,5 m"",To be checked,,CUSTOMER_DAMAGED,ORDERED_WRONG_ITEM,,B093CHJ7QC,MJ-RZWI-NV9N,X001CZZR71,";;;;
263,Standard,,,LPNIC101715601,Singer,,,Singer Starlet 6680 - Máquina de coser electrónica (80 funciones de costura),Used inventory,,DEFECTIVE,DEFECTIVE,No coge el hilo y no cose bien.  Tiene un ruido muy fuerte y no realiza las labores de cosido.,B016APRDTY,0X-FYVB-J6M7,X001NNDF0N,;;;;
264,Standard,,09/08/2024,LPNHE814205199,Roten,,,""ROTEN - Airstrong tutore bivalva con imbottiture ad aria gonfiabili, Distorsione alla caviglia"",New inventory,,DEFECTIVE,QUALITY_UNACCEPTABLE,""Il prodotto è molto valido e alto qualitativamente, lo rendo perché non utile nel mio personale caso di distorsione (non grave, per fortuna) per cui non mi serve una immobilizzazione totale dell’arto"",B00ZUEUDKI,59-RPNO-KP7W,X001LBWEL3,";;;;
266,Standard,,,LPNHE812111807,Roten,,,""ROTEN Shouldfix II Tutore Spalla e Braccio Con Immobilizzatore e tasca gomito rimovibile, Destro e Sinistro , per Spalla Lussata, Fratture Omero"",Assistance,,CUSTOMER_DAMAGED,ORDERED_WRONG_ITEM,,B00ZLOSTDU,WN-Y6CO-E86B,X001JHJFBL,";;;;
